{
  "project_info": {
    "project_number": "395089362293",
    "project_id": "ecoquest-cd13c",
    "storage_bucket": "ecoquest-cd13c.firebasestorage.app"
  },
  "client": [
    {
      "client_info": {
        "mobilesdk_app_id": "1:395089362293:android:7cd0efc42298009520273c",
        "android_client_info": {
          "package_name": "com.project.ecoquest"
        }
      },
      "oauth_client": [],
      "api_key": [
        {
          "current_key": "AIzaSyDJMrxtsJsF8BQSk02WP-KlCZOhNxhatOU"
        }
      ],
      "services": {
        "appinvite_service": {
          "other_platform_oauth_client": []
        }
      }
    }
  ],
  "configuration_version": "1"
}